name,skills,experience
John Doe,Python;Django;SQL,3 years
Jane Smith,JavaScript;React;HTML,2 years
Alice Johnson,Java;Spring Boot;Kotlin,4 years
Bob Brown,Python;Flask;Machine Learning,1 year
Emily White,Graphic Design;Adobe Illustrator;Photoshop,5 years
Michael Green,Project Management;Scrum;Agile,6 years
Sophia Lee,Digital Marketing;SEO;Google Ads,3 years
William King,Data Analysis;Excel;Tableau,4 years
Isabella Carter,Customer Service;CRM;Problem Solving,2 years
James Moore,C++;Embedded Systems;IoT,5 years
Liam Scott,Full Stack Development;Node.js;Vue.js,3 years
Olivia Evans,Financial Planning;Accounting;Budget Management,7 years
Noah Brown,Mobile Development;Swift;Xcode,4 years
Emma Wilson,Technical Writing;Documentation;API Writing,3 years
Lucas Johnson,Network Security;Firewalls;Penetration Testing,5 years
Mia Martinez,Cloud Computing;AWS;DevOps,4 years
Ethan Davis,Mechanical Engineering;AutoCAD;SolidWorks,6 years
Amelia Robinson,HR Management;Recruitment;Employee Training,5 years
Charlotte Lewis,Supply Chain Management;Logistics;SAP,4 years
Benjamin White,Electrical Engineering;Circuit Design;Microcontrollers,3 years
Hannah Hall,Teaching;Curriculum Development;Classroom Management,8 years
Mason Allen,Sales;Negotiation;Lead Generation,2 years
Ella Adams,UX/UI Design;Figma;Prototyping,3 years
Samuel Turner,Content Creation;Video Editing;Social Media Management,2 years
Ava Parker,Healthcare;Nursing;Patient Care,5 years
Jack Young,Law;Contract Drafting;Litigation,6 years
Chloe Ramirez,Interior Design;3D Modeling;SketchUp,4 years
Daniel Harris,Research;Data Collection;Statistical Analysis,5 years
Zoe Brooks,Cybersecurity;Ethical Hacking;Encryption,3 years
Henry Ross,Robotics;Arduino;Python,4 years
Liam Bennett,Cloud Computing;Azure;Kubernetes,5 years
Sophia Murphy,Machine Learning;TensorFlow;Python,3 years
Jackson Campbell,Product Management;User Research;MVP Development,4 years
Ava Simmons,Customer Success;Feedback Analysis;Account Management,3 years
Jacob Stewart,Database Administration;SQL;NoSQL,5 years
Mia Hughes,Mobile Development;React Native;JavaScript,2 years
Carter Peterson,Accounting;Tax Preparation;Financial Auditing,7 years
Harper Bailey,Event Planning;Vendor Management;Budget Planning,4 years
Andrew Bell,Web Development;HTML;CSS,1 year
Victoria Cooper,HR Consulting;Employee Relations;Compliance,6 years
Thomas Diaz,Software Engineering;C;Debugging,3 years
Elizabeth Morgan,Sales Management;Cold Calling;Salesforce,4 years
Ryan Griffin,Automation Testing;Selenium;JUnit,5 years
Abigail Sanders,Graphic Design;Adobe XD;Branding,2 years
Dylan Reed,Full Stack Development;Angular;MongoDB,4 years
Madison Ortiz,Data Science;R Programming;Big Data Analysis,5 years
Oliver Price,Penetration Testing;Vulnerability Scanning;Security Auditing,3 years
Natalie Foster,Social Media Strategy;Content Scheduling;Instagram Marketing,2 years
Wyatt Phillips,Mechanical Drafting;Blueprints;3D Printing,6 years
Samantha Ward,Supply Chain Optimization;Inventory Management;ERP Systems,3 years
Alexander Howard,Legal Research;Case Law;Contract Negotiation,8 years
Grace Hughes,Digital Illustration;Sketching;Vector Art,4 years
Sebastian Moore,IT Support;Troubleshooting;Windows Server,3 years
Nora Hall,Public Relations;Press Releases;Media Outreach,4 years
Joseph Butler,Mobile UI Design;User Testing;Wireframing,3 years
Lillian Bennett,HR Administration;Payroll;Employee Benefits,5 years
Anthony Watson,Network Engineering;Cisco Routers;LAN/WAN,6 years
Mila Carter,3D Animation;Blender;Maya,2 years
Gabriel Foster,Chemical Engineering;Process Design;Safety Protocols,7 years
Chloe James,Content Marketing;Copywriting;SEO Optimization,3 years
Aaron Torres,Web Design;CSS;Responsive Layouts,2 years
Layla Cooper,Financial Analysis;Forecasting;Risk Management,5 years
Brandon Martinez,Game Development;Unity;C#,4 years
Ella Perry,Customer Insights;Market Research;Trend Analysis,3 years
Hunter Rivera,Electrical Installation;Power Systems;HVAC,6 years
Scarlett Griffin,Brand Strategy;Influencer Marketing;Campaign Planning,4 years
Jonathan Carter,CAD Design;Inventor;Manufacturing Processes,5 years
Victoria King,Public Health;Community Outreach;Data Reporting,6 years
Christopher Bell,Software Testing;Bug Tracking;Automation,4 years
Zoe Lopez,UI/UX Research;A/B Testing;Usability Analysis,2 years
Lucas Sanchez,Event Coordination;Scheduling;Vendor Negotiation,3 years
Mia Long,Corporate Training;Workshops;Performance Coaching,7 years
James Brooks,Technical Support;Help Desk;Hardware Configuration,4 years
Emily Murphy,Business Analysis;Requirement Gathering;Workflow Analysis,5 years
Daniel Cox,Cybersecurity Strategy;Incident Response;SIEM Tools,4 years
Sophia Stewart,Marketing Analytics;Data Visualization;Survey Tools,2 years
Nolan Evans,Field Sales;Client Pitches;Territory Management,3 years
Aubrey Flores,Legal Writing;Brief Preparation;Research Memorandums,6 years
Hannah Jenkins,Content Management;Joomla;WordPress,2 years
Mason Ross,DevOps Engineering;Continuous Integration;Terraform,4 years

# (Expand this pattern to reach a total of 300 entries)
